epoch,train,validation
1,39.81579774618149,20.963854491710663
